,Type,Date,Num,Source Name,Name Address,Name Street1,Name Street2,Name City,Name State,Name Zip,Name Contact,Name Phone #,Name Fax #,Name E-Mail,Memo,Name,Terms,total Quantity,Item,Class,Qty,Sales Price,Amount,Balance,State,Ship To Address 1,Ship To Address 2,Ship To State,Ship Zip,Notes,Last Name,First Name
Deborah Reynolds,,,,,,,,,,,,,,,,,,,,,,,,,,,,,,,,
,Invoice,06/19/2018,92545,Deborah Reynolds,"37861 Lane Isle, Travishaven, MO 66852",37861 Lane Isle,,Travishaven,MO,66852,,+1-348-327-1487,,mark70@rivera.com,Generated Invoice,Deborah Reynolds,Credit Card,,Local,General,4,48.37,193.48,193.48,Latest,,,,,,Reynolds,Deborah
,Invoice,08/22/2016,69262,Deborah Reynolds,"37861 Lane Isle, Travishaven, MO 66852",37861 Lane Isle,,Travishaven,MO,66852,,+1-348-327-1487,,mark70@rivera.com,Generated Invoice,Deborah Reynolds,Credit Card,,Red,General,1,32.53,32.53,32.53,Latest,,,,,,Reynolds,Deborah
,Invoice,01/13/2018,74226,Deborah Reynolds,"37861 Lane Isle, Travishaven, MO 66852",37861 Lane Isle,,Travishaven,MO,66852,,+1-348-327-1487,,mark70@rivera.com,Generated Invoice,Deborah Reynolds,Credit Card,,Left,General,2,41.13,82.26,82.26,Latest,,,,,,Reynolds,Deborah
Total Deborah Reynolds,,,,,,,,,,,,,,,,,,,3,,308.27,308.27,,,,,,,,,,
Linda Tate,,,,,,,,,,,,,,,,,,,,,,,,,,,,,,,,
,Invoice,06/22/2024,66391,Linda Tate,"53058 Watkins Club, Salazarport, MD 11700",53058 Watkins Club,,Salazarport,MD,11700,,203-867-9852,,andersonkatherine@oneal.com,Generated Invoice,Linda Tate,Credit Card,,Pm,General,3,12.05,36.15,36.15,Latest,,,,,,Tate,Linda
,Invoice,02/04/2023,94849,Linda Tate,"53058 Watkins Club, Salazarport, MD 11700",53058 Watkins Club,,Salazarport,MD,11700,,203-867-9852,,andersonkatherine@oneal.com,Generated Invoice,Linda Tate,Credit Card,,Deep,General,2,27.24,54.48,54.48,Latest,,,,,,Tate,Linda
,Invoice,10/16/2017,59281,Linda Tate,"53058 Watkins Club, Salazarport, MD 11700",53058 Watkins Club,,Salazarport,MD,11700,,203-867-9852,,andersonkatherine@oneal.com,Generated Invoice,Linda Tate,Credit Card,,Ok,General,4,23.81,95.24,95.24,Latest,,,,,,Tate,Linda
Total Linda Tate,,,,,,,,,,,,,,,,,,,3,,185.87,185.87,,,,,,,,,,
Alexander Evans,,,,,,,,,,,,,,,,,,,,,,,,,,,,,,,,
,Invoice,10/10/2015,61542,Alexander Evans,"525 Samuel Canyon, Davidchester, MT 82391",525 Samuel Canyon,,Davidchester,MT,82391,,001-779-592-2299,,canturobert@erickson.com,Generated Invoice,Alexander Evans,Credit Card,,Class,General,5,28.63,143.15,143.15,Latest,,,,,,Evans,Alexander
,Invoice,11/14/2015,56309,Alexander Evans,"525 Samuel Canyon, Davidchester, MT 82391",525 Samuel Canyon,,Davidchester,MT,82391,,001-779-592-2299,,canturobert@erickson.com,Generated Invoice,Alexander Evans,Credit Card,,Wind,General,5,7.24,36.2,36.2,Latest,,,,,,Evans,Alexander
,Invoice,06/18/2021,20915,Alexander Evans,"525 Samuel Canyon, Davidchester, MT 82391",525 Samuel Canyon,,Davidchester,MT,82391,,001-779-592-2299,,canturobert@erickson.com,Generated Invoice,Alexander Evans,Credit Card,,Others,General,1,49.02,49.02,49.02,Latest,,,,,,Evans,Alexander
Total Alexander Evans,,,,,,,,,,,,,,,,,,,3,,228.37000000000003,228.37000000000003,,,,,,,,,,
Scott Chapman,,,,,,,,,,,,,,,,,,,,,,,,,,,,,,,,
,Invoice,09/21/2019,50802,Scott Chapman,"8998 Teresa Ferry Suite 899, East Jamesville, OH 89159",8998 Teresa Ferry Suite 899,,East Jamesville,OH,89159,,(456)636-0216x591,,shane47@davis.org,Generated Invoice,Scott Chapman,Credit Card,,Reflect,General,3,24.51,73.53,73.53,Latest,,,,,,Chapman,Scott
,Invoice,01/11/2019,69372,Scott Chapman,"8998 Teresa Ferry Suite 899, East Jamesville, OH 89159",8998 Teresa Ferry Suite 899,,East Jamesville,OH,89159,,(456)636-0216x591,,shane47@davis.org,Generated Invoice,Scott Chapman,Credit Card,,Institution,General,4,10.18,40.72,40.72,Latest,,,,,,Chapman,Scott
,Invoice,04/06/2024,89914,Scott Chapman,"8998 Teresa Ferry Suite 899, East Jamesville, OH 89159",8998 Teresa Ferry Suite 899,,East Jamesville,OH,89159,,(456)636-0216x591,,shane47@davis.org,Generated Invoice,Scott Chapman,Credit Card,,Raise,General,4,11.64,46.56,46.56,Latest,,,,,,Chapman,Scott
Total Scott Chapman,,,,,,,,,,,,,,,,,,,3,,160.81,160.81,,,,,,,,,,
David Knox,,,,,,,,,,,,,,,,,,,,,,,,,,,,,,,,
,Invoice,09/08/2023,90225,David Knox,"5145 Pollard Loaf Apt. 551, Elizabethport, KY 25536",5145 Pollard Loaf Apt. 551,,Elizabethport,KY,25536,,+1-914-615-8924x14501,,kellypaul@butler-jennings.biz,Generated Invoice,David Knox,Credit Card,,Herself,General,2,9.35,18.7,18.7,Latest,,,,,,Knox,David
,Invoice,03/23/2021,10362,David Knox,"5145 Pollard Loaf Apt. 551, Elizabethport, KY 25536",5145 Pollard Loaf Apt. 551,,Elizabethport,KY,25536,,+1-914-615-8924x14501,,kellypaul@butler-jennings.biz,Generated Invoice,David Knox,Credit Card,,Decide,General,3,44.14,132.42,132.42,Latest,,,,,,Knox,David
,Invoice,12/27/2017,92904,David Knox,"5145 Pollard Loaf Apt. 551, Elizabethport, KY 25536",5145 Pollard Loaf Apt. 551,,Elizabethport,KY,25536,,+1-914-615-8924x14501,,kellypaul@butler-jennings.biz,Generated Invoice,David Knox,Credit Card,,Require,General,1,42.62,42.62,42.62,Latest,,,,,,Knox,David
Total David Knox,,,,,,,,,,,,,,,,,,,3,,193.73999999999998,193.73999999999998,,,,,,,,,,
Darren Williams,,,,,,,,,,,,,,,,,,,,,,,,,,,,,,,,
,Invoice,12/02/2022,51579,Darren Williams,"306 Payne Loop, Walkerville, MA 96070",306 Payne Loop,,Walkerville,MA,96070,,4147714703,,mmooney@garcia-flores.org,Generated Invoice,Darren Williams,Credit Card,,Carry,General,2,12.25,24.5,24.5,Latest,,,,,,Williams,Darren
,Invoice,07/04/2020,45466,Darren Williams,"306 Payne Loop, Walkerville, MA 96070",306 Payne Loop,,Walkerville,MA,96070,,4147714703,,mmooney@garcia-flores.org,Generated Invoice,Darren Williams,Credit Card,,Side,General,3,45.38,136.14,136.14,Latest,,,,,,Williams,Darren
,Invoice,03/01/2018,90777,Darren Williams,"306 Payne Loop, Walkerville, MA 96070",306 Payne Loop,,Walkerville,MA,96070,,4147714703,,mmooney@garcia-flores.org,Generated Invoice,Darren Williams,Credit Card,,Baby,General,4,6.07,24.28,24.28,Latest,,,,,,Williams,Darren
Total Darren Williams,,,,,,,,,,,,,,,,,,,3,,184.92,184.92,,,,,,,,,,
Paula Davis,,,,,,,,,,,,,,,,,,,,,,,,,,,,,,,,
,Invoice,11/14/2016,61226,Paula Davis,"313 Aaron Rapid, South Barbaraview, NJ 00710",313 Aaron Rapid,,South Barbaraview,NJ,00710,,+1-811-476-5942x71977,,sharonmcgrath@hotmail.com,Generated Invoice,Paula Davis,Credit Card,,Then,General,1,24.26,24.26,24.26,Latest,,,,,,Davis,Paula
,Invoice,03/31/2022,10578,Paula Davis,"313 Aaron Rapid, South Barbaraview, NJ 00710",313 Aaron Rapid,,South Barbaraview,NJ,00710,,+1-811-476-5942x71977,,sharonmcgrath@hotmail.com,Generated Invoice,Paula Davis,Credit Card,,Crime,General,1,25.3,25.3,25.3,Latest,,,,,,Davis,Paula
,Invoice,03/12/2021,41676,Paula Davis,"313 Aaron Rapid, South Barbaraview, NJ 00710",313 Aaron Rapid,,South Barbaraview,NJ,00710,,+1-811-476-5942x71977,,sharonmcgrath@hotmail.com,Generated Invoice,Paula Davis,Credit Card,,Reduce,General,3,12.06,36.18,36.18,Latest,,,,,,Davis,Paula
Total Paula Davis,,,,,,,,,,,,,,,,,,,3,,85.74000000000001,85.74000000000001,,,,,,,,,,
Christopher Garrett,,,,,,,,,,,,,,,,,,,,,,,,,,,,,,,,
,Invoice,07/13/2020,22165,Christopher Garrett,"337 Hill Points Suite 529, West Georgehaven, OR 47086",337 Hill Points Suite 529,,West Georgehaven,OR,47086,,650.994.8281x0866,,robertsonvictoria@gmail.com,Generated Invoice,Christopher Garrett,Credit Card,,News,General,1,49.87,49.87,49.87,Latest,,,,,,Garrett,Christopher
,Invoice,09/11/2024,84790,Christopher Garrett,"337 Hill Points Suite 529, West Georgehaven, OR 47086",337 Hill Points Suite 529,,West Georgehaven,OR,47086,,650.994.8281x0866,,robertsonvictoria@gmail.com,Generated Invoice,Christopher Garrett,Credit Card,,Return,General,5,26.9,134.5,134.5,Latest,,,,,,Garrett,Christopher
,Invoice,07/06/2019,83282,Christopher Garrett,"337 Hill Points Suite 529, West Georgehaven, OR 47086",337 Hill Points Suite 529,,West Georgehaven,OR,47086,,650.994.8281x0866,,robertsonvictoria@gmail.com,Generated Invoice,Christopher Garrett,Credit Card,,Open,General,2,36.54,73.08,73.08,Latest,,,,,,Garrett,Christopher
Total Christopher Garrett,,,,,,,,,,,,,,,,,,,3,,257.45,257.45,,,,,,,,,,
Joseph Mccoy,,,,,,,,,,,,,,,,,,,,,,,,,,,,,,,,
,Invoice,03/24/2016,35899,Joseph Mccoy,"79050 Henderson Stravenue, Lake Georgeville, WY 92363",79050 Henderson Stravenue,,Lake Georgeville,WY,92363,,(007)688-3592x1435,,jordanvicki@jenkins.net,Generated Invoice,Joseph Mccoy,Credit Card,,Focus,General,5,49.92,249.6,249.6,Latest,,,,,,Mccoy,Joseph
,Invoice,02/09/2024,26222,Joseph Mccoy,"79050 Henderson Stravenue, Lake Georgeville, WY 92363",79050 Henderson Stravenue,,Lake Georgeville,WY,92363,,(007)688-3592x1435,,jordanvicki@jenkins.net,Generated Invoice,Joseph Mccoy,Credit Card,,American,General,2,34.63,69.26,69.26,Latest,,,,,,Mccoy,Joseph
,Invoice,12/24/2015,86579,Joseph Mccoy,"79050 Henderson Stravenue, Lake Georgeville, WY 92363",79050 Henderson Stravenue,,Lake Georgeville,WY,92363,,(007)688-3592x1435,,jordanvicki@jenkins.net,Generated Invoice,Joseph Mccoy,Credit Card,,Manage,General,2,16.65,33.3,33.3,Latest,,,,,,Mccoy,Joseph
Total Joseph Mccoy,,,,,,,,,,,,,,,,,,,3,,352.16,352.16,,,,,,,,,,
Christopher Hall,,,,,,,,,,,,,,,,,,,,,,,,,,,,,,,,
,Invoice,04/02/2020,32943,Christopher Hall,"3611 Ricardo Trail, Johnnychester, HI 91350",3611 Ricardo Trail,,Johnnychester,HI,91350,,(408)399-1409x404,,dgonzalez@gmail.com,Generated Invoice,Christopher Hall,Credit Card,,Pm,General,3,48.54,145.62,145.62,Latest,,,,,,Hall,Christopher
,Invoice,02/12/2021,75919,Christopher Hall,"3611 Ricardo Trail, Johnnychester, HI 91350",3611 Ricardo Trail,,Johnnychester,HI,91350,,(408)399-1409x404,,dgonzalez@gmail.com,Generated Invoice,Christopher Hall,Credit Card,,Leg,General,5,40.93,204.65,204.65,Latest,,,,,,Hall,Christopher
,Invoice,11/26/2021,67040,Christopher Hall,"3611 Ricardo Trail, Johnnychester, HI 91350",3611 Ricardo Trail,,Johnnychester,HI,91350,,(408)399-1409x404,,dgonzalez@gmail.com,Generated Invoice,Christopher Hall,Credit Card,,Doctor,General,2,5.05,10.1,10.1,Latest,,,,,,Hall,Christopher
Total Christopher Hall,,,,,,,,,,,,,,,,,,,3,,360.37,360.37,,,,,,,,,,
Paul Fisher,,,,,,,,,,,,,,,,,,,,,,,,,,,,,,,,
,Invoice,07/25/2023,47930,Paul Fisher,"61377 Daniel Fall, Charlesside, FL 35210",61377 Daniel Fall,,Charlesside,FL,35210,,5854179402,,youngbrianna@wood.com,Generated Invoice,Paul Fisher,Credit Card,,Step,General,4,21.14,84.56,84.56,Latest,,,,,,Fisher,Paul
,Invoice,03/14/2020,94109,Paul Fisher,"61377 Daniel Fall, Charlesside, FL 35210",61377 Daniel Fall,,Charlesside,FL,35210,,5854179402,,youngbrianna@wood.com,Generated Invoice,Paul Fisher,Credit Card,,Discover,General,4,41.9,167.6,167.6,Latest,,,,,,Fisher,Paul
,Invoice,01/06/2024,22223,Paul Fisher,"61377 Daniel Fall, Charlesside, FL 35210",61377 Daniel Fall,,Charlesside,FL,35210,,5854179402,,youngbrianna@wood.com,Generated Invoice,Paul Fisher,Credit Card,,This,General,1,47.62,47.62,47.62,Latest,,,,,,Fisher,Paul
Total Paul Fisher,,,,,,,,,,,,,,,,,,,3,,299.78,299.78,,,,,,,,,,
Wesley Russell,,,,,,,,,,,,,,,,,,,,,,,,,,,,,,,,
,Invoice,11/24/2022,81665,Wesley Russell,"93178 Gregory Gateway Apt. 916, East Barbarafurt, MI 82301",93178 Gregory Gateway Apt. 916,,East Barbarafurt,MI,82301,,001-657-236-8658x33893,,lross@chavez-church.com,Generated Invoice,Wesley Russell,Credit Card,,News,General,2,39.95,79.9,79.9,Latest,,,,,,Russell,Wesley
,Invoice,12/24/2015,79704,Wesley Russell,"93178 Gregory Gateway Apt. 916, East Barbarafurt, MI 82301",93178 Gregory Gateway Apt. 916,,East Barbarafurt,MI,82301,,001-657-236-8658x33893,,lross@chavez-church.com,Generated Invoice,Wesley Russell,Credit Card,,Respond,General,1,7.62,7.62,7.62,Latest,,,,,,Russell,Wesley
,Invoice,03/25/2023,10399,Wesley Russell,"93178 Gregory Gateway Apt. 916, East Barbarafurt, MI 82301",93178 Gregory Gateway Apt. 916,,East Barbarafurt,MI,82301,,001-657-236-8658x33893,,lross@chavez-church.com,Generated Invoice,Wesley Russell,Credit Card,,Find,General,3,10.56,31.68,31.68,Latest,,,,,,Russell,Wesley
Total Wesley Russell,,,,,,,,,,,,,,,,,,,3,,119.20000000000002,119.20000000000002,,,,,,,,,,
Sandra Daniel,,,,,,,,,,,,,,,,,,,,,,,,,,,,,,,,
,Invoice,07/27/2018,52440,Sandra Daniel,"317 Carl Junctions, North Jennifer, MO 98121",317 Carl Junctions,,North Jennifer,MO,98121,,203-267-5081x1043,,hgoodwin@thomas.biz,Generated Invoice,Sandra Daniel,Credit Card,,Character,General,3,45.68,137.04,137.04,Latest,,,,,,Daniel,Sandra
,Invoice,10/06/2020,78721,Sandra Daniel,"317 Carl Junctions, North Jennifer, MO 98121",317 Carl Junctions,,North Jennifer,MO,98121,,203-267-5081x1043,,hgoodwin@thomas.biz,Generated Invoice,Sandra Daniel,Credit Card,,Set,General,2,36.86,73.72,73.72,Latest,,,,,,Daniel,Sandra
,Invoice,04/04/2021,59481,Sandra Daniel,"317 Carl Junctions, North Jennifer, MO 98121",317 Carl Junctions,,North Jennifer,MO,98121,,203-267-5081x1043,,hgoodwin@thomas.biz,Generated Invoice,Sandra Daniel,Credit Card,,Somebody,General,3,26.48,79.44,79.44,Latest,,,,,,Daniel,Sandra
Total Sandra Daniel,,,,,,,,,,,,,,,,,,,3,,290.2,290.2,,,,,,,,,,
Amanda Sims,,,,,,,,,,,,,,,,,,,,,,,,,,,,,,,,
,Invoice,02/18/2022,88550,Amanda Sims,"9371 Olivia Forest, Cruzview, HI 49392",9371 Olivia Forest,,Cruzview,HI,49392,,+1-986-578-9390x9302,,xgilmore@gmail.com,Generated Invoice,Amanda Sims,Credit Card,,Field,General,5,19.29,96.45,96.45,Latest,,,,,,Sims,Amanda
,Invoice,06/20/2023,45305,Amanda Sims,"9371 Olivia Forest, Cruzview, HI 49392",9371 Olivia Forest,,Cruzview,HI,49392,,+1-986-578-9390x9302,,xgilmore@gmail.com,Generated Invoice,Amanda Sims,Credit Card,,Spend,General,3,45.54,136.62,136.62,Latest,,,,,,Sims,Amanda
,Invoice,10/21/2015,19303,Amanda Sims,"9371 Olivia Forest, Cruzview, HI 49392",9371 Olivia Forest,,Cruzview,HI,49392,,+1-986-578-9390x9302,,xgilmore@gmail.com,Generated Invoice,Amanda Sims,Credit Card,,Explain,General,1,15.33,15.33,15.33,Latest,,,,,,Sims,Amanda
Total Amanda Sims,,,,,,,,,,,,,,,,,,,3,,248.4,248.4,,,,,,,,,,
Jennifer Thomas,,,,,,,,,,,,,,,,,,,,,,,,,,,,,,,,
,Invoice,07/25/2018,21781,Jennifer Thomas,"1052 Daniel Lane Suite 744, Jonathanmouth, RI 16758",1052 Daniel Lane Suite 744,,Jonathanmouth,RI,16758,,001-563-934-4603x17838,,jmoreno@hotmail.com,Generated Invoice,Jennifer Thomas,Credit Card,,Group,General,4,18.75,75.0,75.0,Latest,,,,,,Thomas,Jennifer
,Invoice,05/08/2018,17794,Jennifer Thomas,"1052 Daniel Lane Suite 744, Jonathanmouth, RI 16758",1052 Daniel Lane Suite 744,,Jonathanmouth,RI,16758,,001-563-934-4603x17838,,jmoreno@hotmail.com,Generated Invoice,Jennifer Thomas,Credit Card,,Stay,General,3,22.58,67.74,67.74,Latest,,,,,,Thomas,Jennifer
,Invoice,05/20/2023,43282,Jennifer Thomas,"1052 Daniel Lane Suite 744, Jonathanmouth, RI 16758",1052 Daniel Lane Suite 744,,Jonathanmouth,RI,16758,,001-563-934-4603x17838,,jmoreno@hotmail.com,Generated Invoice,Jennifer Thomas,Credit Card,,Life,General,2,19.24,38.48,38.48,Latest,,,,,,Thomas,Jennifer
Total Jennifer Thomas,,,,,,,,,,,,,,,,,,,3,,181.22,181.22,,,,,,,,,,
Victor Floyd,,,,,,,,,,,,,,,,,,,,,,,,,,,,,,,,
,Invoice,09/13/2021,57972,Victor Floyd,"0147 Ann Via, West Kyle, AZ 82133",0147 Ann Via,,West Kyle,AZ,82133,,+1-422-818-0618x94506,,brandysims@melendez.org,Generated Invoice,Victor Floyd,Credit Card,,Believe,General,3,18.14,54.42,54.42,Latest,,,,,,Floyd,Victor
,Invoice,05/23/2023,74980,Victor Floyd,"0147 Ann Via, West Kyle, AZ 82133",0147 Ann Via,,West Kyle,AZ,82133,,+1-422-818-0618x94506,,brandysims@melendez.org,Generated Invoice,Victor Floyd,Credit Card,,Student,General,4,31.64,126.56,126.56,Latest,,,,,,Floyd,Victor
,Invoice,12/28/2020,69002,Victor Floyd,"0147 Ann Via, West Kyle, AZ 82133",0147 Ann Via,,West Kyle,AZ,82133,,+1-422-818-0618x94506,,brandysims@melendez.org,Generated Invoice,Victor Floyd,Credit Card,,Admit,General,2,31.04,62.08,62.08,Latest,,,,,,Floyd,Victor
Total Victor Floyd,,,,,,,,,,,,,,,,,,,3,,243.06,243.06,,,,,,,,,,
Nicholas Nicholson,,,,,,,,,,,,,,,,,,,,,,,,,,,,,,,,
,Invoice,12/08/2020,33181,Nicholas Nicholson,"0373 Kevin Summit Suite 161, West Andrewmouth, RI 52147",0373 Kevin Summit Suite 161,,West Andrewmouth,RI,52147,,+1-696-873-8989x449,,john84@gmail.com,Generated Invoice,Nicholas Nicholson,Credit Card,,Certain,General,1,11.8,11.8,11.8,Latest,,,,,,Nicholson,Nicholas
,Invoice,12/31/2023,20090,Nicholas Nicholson,"0373 Kevin Summit Suite 161, West Andrewmouth, RI 52147",0373 Kevin Summit Suite 161,,West Andrewmouth,RI,52147,,+1-696-873-8989x449,,john84@gmail.com,Generated Invoice,Nicholas Nicholson,Credit Card,,Economy,General,2,44.39,88.78,88.78,Latest,,,,,,Nicholson,Nicholas
,Invoice,06/15/2015,94219,Nicholas Nicholson,"0373 Kevin Summit Suite 161, West Andrewmouth, RI 52147",0373 Kevin Summit Suite 161,,West Andrewmouth,RI,52147,,+1-696-873-8989x449,,john84@gmail.com,Generated Invoice,Nicholas Nicholson,Credit Card,,Research,General,3,44.81,134.43,134.43,Latest,,,,,,Nicholson,Nicholas
Total Nicholas Nicholson,,,,,,,,,,,,,,,,,,,3,,235.01,235.01,,,,,,,,,,
Monica Brown DDS,,,,,,,,,,,,,,,,,,,,,,,,,,,,,,,,
,Invoice,01/16/2022,92044,Monica Brown DDS,"3258 Rich Village, Monicaton, MO 07236",3258 Rich Village,,Monicaton,MO,07236,,+1-737-813-8250x60164,,christopher15@ross.com,Generated Invoice,Monica Brown DDS,Credit Card,,Lawyer,General,5,43.37,216.85,216.85,Latest,,,,,,DDS,Monica
,Invoice,09/07/2017,36388,Monica Brown DDS,"3258 Rich Village, Monicaton, MO 07236",3258 Rich Village,,Monicaton,MO,07236,,+1-737-813-8250x60164,,christopher15@ross.com,Generated Invoice,Monica Brown DDS,Credit Card,,Success,General,4,13.09,52.36,52.36,Latest,,,,,,DDS,Monica
,Invoice,05/24/2016,37432,Monica Brown DDS,"3258 Rich Village, Monicaton, MO 07236",3258 Rich Village,,Monicaton,MO,07236,,+1-737-813-8250x60164,,christopher15@ross.com,Generated Invoice,Monica Brown DDS,Credit Card,,Room,General,2,10.95,21.9,21.9,Latest,,,,,,DDS,Monica
Total Monica Brown DDS,,,,,,,,,,,,,,,,,,,3,,291.10999999999996,291.10999999999996,,,,,,,,,,
Michele Rodriguez,,,,,,,,,,,,,,,,,,,,,,,,,,,,,,,,
,Invoice,02/01/2019,97707,Michele Rodriguez,"449 Mitchell Roads Apt. 613, Hernandezland, IL 34579",449 Mitchell Roads Apt. 613,,Hernandezland,IL,34579,,001-908-313-8298x8661,,hancockshane@douglas.com,Generated Invoice,Michele Rodriguez,Credit Card,,Vote,General,1,11.75,11.75,11.75,Latest,,,,,,Rodriguez,Michele
,Invoice,09/06/2016,61418,Michele Rodriguez,"449 Mitchell Roads Apt. 613, Hernandezland, IL 34579",449 Mitchell Roads Apt. 613,,Hernandezland,IL,34579,,001-908-313-8298x8661,,hancockshane@douglas.com,Generated Invoice,Michele Rodriguez,Credit Card,,Everything,General,2,6.81,13.62,13.62,Latest,,,,,,Rodriguez,Michele
,Invoice,06/02/2020,26706,Michele Rodriguez,"449 Mitchell Roads Apt. 613, Hernandezland, IL 34579",449 Mitchell Roads Apt. 613,,Hernandezland,IL,34579,,001-908-313-8298x8661,,hancockshane@douglas.com,Generated Invoice,Michele Rodriguez,Credit Card,,Me,General,5,31.73,158.65,158.65,Latest,,,,,,Rodriguez,Michele
Total Michele Rodriguez,,,,,,,,,,,,,,,,,,,3,,184.02,184.02,,,,,,,,,,
Gerald Mccoy,,,,,,,,,,,,,,,,,,,,,,,,,,,,,,,,
,Invoice,04/13/2024,23854,Gerald Mccoy,"3074 Ramirez Estate, South Lisachester, AK 34114",3074 Ramirez Estate,,South Lisachester,AK,34114,,952-547-8984,,williamscurtis@gmail.com,Generated Invoice,Gerald Mccoy,Credit Card,,Community,General,3,48.2,144.6,144.6,Latest,,,,,,Mccoy,Gerald
,Invoice,02/02/2021,50645,Gerald Mccoy,"3074 Ramirez Estate, South Lisachester, AK 34114",3074 Ramirez Estate,,South Lisachester,AK,34114,,952-547-8984,,williamscurtis@gmail.com,Generated Invoice,Gerald Mccoy,Credit Card,,Another,General,1,32.56,32.56,32.56,Latest,,,,,,Mccoy,Gerald
,Invoice,05/17/2017,49339,Gerald Mccoy,"3074 Ramirez Estate, South Lisachester, AK 34114",3074 Ramirez Estate,,South Lisachester,AK,34114,,952-547-8984,,williamscurtis@gmail.com,Generated Invoice,Gerald Mccoy,Credit Card,,Turn,General,3,26.12,78.36,78.36,Latest,,,,,,Mccoy,Gerald
Total Gerald Mccoy,,,,,,,,,,,,,,,,,,,3,,255.51999999999998,255.51999999999998,,,,,,,,,,
Kaylee Freeman,,,,,,,,,,,,,,,,,,,,,,,,,,,,,,,,
,Invoice,04/20/2021,68846,Kaylee Freeman,"9869 Rodriguez Pines Suite 590, East Troyview, TN 84968",9869 Rodriguez Pines Suite 590,,East Troyview,TN,84968,,001-259-120-7013x488,,barryjeffery@gmail.com,Generated Invoice,Kaylee Freeman,Credit Card,,So,General,1,26.08,26.08,26.08,Latest,,,,,,Freeman,Kaylee
,Invoice,11/04/2021,28557,Kaylee Freeman,"9869 Rodriguez Pines Suite 590, East Troyview, TN 84968",9869 Rodriguez Pines Suite 590,,East Troyview,TN,84968,,001-259-120-7013x488,,barryjeffery@gmail.com,Generated Invoice,Kaylee Freeman,Credit Card,,Only,General,3,11.63,34.89,34.89,Latest,,,,,,Freeman,Kaylee
,Invoice,12/17/2018,83784,Kaylee Freeman,"9869 Rodriguez Pines Suite 590, East Troyview, TN 84968",9869 Rodriguez Pines Suite 590,,East Troyview,TN,84968,,001-259-120-7013x488,,barryjeffery@gmail.com,Generated Invoice,Kaylee Freeman,Credit Card,,Personal,General,1,7.54,7.54,7.54,Latest,,,,,,Freeman,Kaylee
Total Kaylee Freeman,,,,,,,,,,,,,,,,,,,3,,68.51,68.51,,,,,,,,,,
Michelle Rivera,,,,,,,,,,,,,,,,,,,,,,,,,,,,,,,,
,Invoice,01/11/2019,24857,Michelle Rivera,"362 Samantha Path, Dorothyport, TX 03235",362 Samantha Path,,Dorothyport,TX,03235,,(908)081-4645x777,,tcooper@allen-keller.com,Generated Invoice,Michelle Rivera,Credit Card,,Hold,General,4,32.54,130.16,130.16,Latest,,,,,,Rivera,Michelle
,Invoice,01/28/2022,61775,Michelle Rivera,"362 Samantha Path, Dorothyport, TX 03235",362 Samantha Path,,Dorothyport,TX,03235,,(908)081-4645x777,,tcooper@allen-keller.com,Generated Invoice,Michelle Rivera,Credit Card,,Huge,General,4,45.38,181.52,181.52,Latest,,,,,,Rivera,Michelle
,Invoice,04/23/2016,43699,Michelle Rivera,"362 Samantha Path, Dorothyport, TX 03235",362 Samantha Path,,Dorothyport,TX,03235,,(908)081-4645x777,,tcooper@allen-keller.com,Generated Invoice,Michelle Rivera,Credit Card,,Although,General,3,11.08,33.24,33.24,Latest,,,,,,Rivera,Michelle
Total Michelle Rivera,,,,,,,,,,,,,,,,,,,3,,344.92,344.92,,,,,,,,,,
Gabriel Warren,,,,,,,,,,,,,,,,,,,,,,,,,,,,,,,,
,Invoice,11/26/2019,40353,Gabriel Warren,"2966 Collins Greens Apt. 505, Jesseshire, PA 67628",2966 Collins Greens Apt. 505,,Jesseshire,PA,67628,,(019)762-9379x9078,,breanna50@hotmail.com,Generated Invoice,Gabriel Warren,Credit Card,,Meeting,General,4,43.75,175.0,175.0,Latest,,,,,,Warren,Gabriel
,Invoice,06/16/2021,82959,Gabriel Warren,"2966 Collins Greens Apt. 505, Jesseshire, PA 67628",2966 Collins Greens Apt. 505,,Jesseshire,PA,67628,,(019)762-9379x9078,,breanna50@hotmail.com,Generated Invoice,Gabriel Warren,Credit Card,,Be,General,5,17.83,89.15,89.15,Latest,,,,,,Warren,Gabriel
,Invoice,12/21/2022,81676,Gabriel Warren,"2966 Collins Greens Apt. 505, Jesseshire, PA 67628",2966 Collins Greens Apt. 505,,Jesseshire,PA,67628,,(019)762-9379x9078,,breanna50@hotmail.com,Generated Invoice,Gabriel Warren,Credit Card,,Back,General,4,24.29,97.16,97.16,Latest,,,,,,Warren,Gabriel
Total Gabriel Warren,,,,,,,,,,,,,,,,,,,3,,361.30999999999995,361.30999999999995,,,,,,,,,,
Tamara Andersen,,,,,,,,,,,,,,,,,,,,,,,,,,,,,,,,
,Invoice,02/06/2020,69263,Tamara Andersen,"353 Laura Rapids, Garyton, ND 06610",353 Laura Rapids,,Garyton,ND,06610,,(659)618-6206,,julieross@gmail.com,Generated Invoice,Tamara Andersen,Credit Card,,Let,General,5,29.68,148.4,148.4,Latest,,,,,,Andersen,Tamara
,Invoice,11/16/2021,54662,Tamara Andersen,"353 Laura Rapids, Garyton, ND 06610",353 Laura Rapids,,Garyton,ND,06610,,(659)618-6206,,julieross@gmail.com,Generated Invoice,Tamara Andersen,Credit Card,,Billion,General,4,42.07,168.28,168.28,Latest,,,,,,Andersen,Tamara
,Invoice,08/06/2021,78282,Tamara Andersen,"353 Laura Rapids, Garyton, ND 06610",353 Laura Rapids,,Garyton,ND,06610,,(659)618-6206,,julieross@gmail.com,Generated Invoice,Tamara Andersen,Credit Card,,Attention,General,1,13.09,13.09,13.09,Latest,,,,,,Andersen,Tamara
Total Tamara Andersen,,,,,,,,,,,,,,,,,,,3,,329.77,329.77,,,,,,,,,,
Timothy Sanders,,,,,,,,,,,,,,,,,,,,,,,,,,,,,,,,
,Invoice,05/02/2015,78067,Timothy Sanders,"27281 Bowman Port, Lake Mary, AK 67997",27281 Bowman Port,,Lake Mary,AK,67997,,515-266-3521,,cjohnson@yahoo.com,Generated Invoice,Timothy Sanders,Credit Card,,Measure,General,1,13.56,13.56,13.56,Latest,,,,,,Sanders,Timothy
,Invoice,02/13/2017,36480,Timothy Sanders,"27281 Bowman Port, Lake Mary, AK 67997",27281 Bowman Port,,Lake Mary,AK,67997,,515-266-3521,,cjohnson@yahoo.com,Generated Invoice,Timothy Sanders,Credit Card,,Study,General,3,22.76,68.28,68.28,Latest,,,,,,Sanders,Timothy
,Invoice,01/14/2021,16396,Timothy Sanders,"27281 Bowman Port, Lake Mary, AK 67997",27281 Bowman Port,,Lake Mary,AK,67997,,515-266-3521,,cjohnson@yahoo.com,Generated Invoice,Timothy Sanders,Credit Card,,Mother,General,4,41.63,166.52,166.52,Latest,,,,,,Sanders,Timothy
Total Timothy Sanders,,,,,,,,,,,,,,,,,,,3,,248.36,248.36,,,,,,,,,,
Robert Paul,,,,,,,,,,,,,,,,,,,,,,,,,,,,,,,,
,Invoice,10/15/2021,73759,Robert Paul,"50128 Peter Stravenue, West Tarashire, KY 12234",50128 Peter Stravenue,,West Tarashire,KY,12234,,(757)821-0457x5133,,samuel01@wright-ferrell.com,Generated Invoice,Robert Paul,Credit Card,,Instead,General,5,21.47,107.35,107.35,Latest,,,,,,Paul,Robert
,Invoice,05/13/2019,78376,Robert Paul,"50128 Peter Stravenue, West Tarashire, KY 12234",50128 Peter Stravenue,,West Tarashire,KY,12234,,(757)821-0457x5133,,samuel01@wright-ferrell.com,Generated Invoice,Robert Paul,Credit Card,,Listen,General,1,32.31,32.31,32.31,Latest,,,,,,Paul,Robert
,Invoice,01/15/2023,81732,Robert Paul,"50128 Peter Stravenue, West Tarashire, KY 12234",50128 Peter Stravenue,,West Tarashire,KY,12234,,(757)821-0457x5133,,samuel01@wright-ferrell.com,Generated Invoice,Robert Paul,Credit Card,,Base,General,1,27.19,27.19,27.19,Latest,,,,,,Paul,Robert
Total Robert Paul,,,,,,,,,,,,,,,,,,,3,,166.85,166.85,,,,,,,,,,
Tracey Osborne,,,,,,,,,,,,,,,,,,,,,,,,,,,,,,,,
,Invoice,12/05/2015,71366,Tracey Osborne,"8424 Stephanie Mews Suite 100, South Wayneshire, NM 84943",8424 Stephanie Mews Suite 100,,South Wayneshire,NM,84943,,964.440.8199,,keith67@gmail.com,Generated Invoice,Tracey Osborne,Credit Card,,Reveal,General,1,30.62,30.62,30.62,Latest,,,,,,Osborne,Tracey
,Invoice,04/30/2024,27946,Tracey Osborne,"8424 Stephanie Mews Suite 100, South Wayneshire, NM 84943",8424 Stephanie Mews Suite 100,,South Wayneshire,NM,84943,,964.440.8199,,keith67@gmail.com,Generated Invoice,Tracey Osborne,Credit Card,,Suddenly,General,4,17.57,70.28,70.28,Latest,,,,,,Osborne,Tracey
,Invoice,04/03/2017,55955,Tracey Osborne,"8424 Stephanie Mews Suite 100, South Wayneshire, NM 84943",8424 Stephanie Mews Suite 100,,South Wayneshire,NM,84943,,964.440.8199,,keith67@gmail.com,Generated Invoice,Tracey Osborne,Credit Card,,Wish,General,4,44.79,179.16,179.16,Latest,,,,,,Osborne,Tracey
Total Tracey Osborne,,,,,,,,,,,,,,,,,,,3,,280.06,280.06,,,,,,,,,,
Jeffrey Winters,,,,,,,,,,,,,,,,,,,,,,,,,,,,,,,,
,Invoice,07/31/2020,90308,Jeffrey Winters,"10939 Stanley Trail, Port Joshuafurt, CO 27847",10939 Stanley Trail,,Port Joshuafurt,CO,27847,,(563)592-3754x51522,,adamsgregory@hotmail.com,Generated Invoice,Jeffrey Winters,Credit Card,,Loss,General,5,31.7,158.5,158.5,Latest,,,,,,Winters,Jeffrey
,Invoice,08/12/2015,36017,Jeffrey Winters,"10939 Stanley Trail, Port Joshuafurt, CO 27847",10939 Stanley Trail,,Port Joshuafurt,CO,27847,,(563)592-3754x51522,,adamsgregory@hotmail.com,Generated Invoice,Jeffrey Winters,Credit Card,,Teach,General,1,26.44,26.44,26.44,Latest,,,,,,Winters,Jeffrey
,Invoice,05/24/2023,49277,Jeffrey Winters,"10939 Stanley Trail, Port Joshuafurt, CO 27847",10939 Stanley Trail,,Port Joshuafurt,CO,27847,,(563)592-3754x51522,,adamsgregory@hotmail.com,Generated Invoice,Jeffrey Winters,Credit Card,,Leg,General,5,46.24,231.2,231.2,Latest,,,,,,Winters,Jeffrey
Total Jeffrey Winters,,,,,,,,,,,,,,,,,,,3,,416.14,416.14,,,,,,,,,,
Donna Brown PhD,,,,,,,,,,,,,,,,,,,,,,,,,,,,,,,,
,Invoice,07/18/2023,78689,Donna Brown PhD,"21796 Perez Points Apt. 957, Seanport, DC 21350",21796 Perez Points Apt. 957,,Seanport,DC,21350,,(796)015-9606,,leah92@boyd.net,Generated Invoice,Donna Brown PhD,Credit Card,,Federal,General,3,14.13,42.39,42.39,Latest,,,,,,PhD,Donna
,Invoice,07/29/2017,21143,Donna Brown PhD,"21796 Perez Points Apt. 957, Seanport, DC 21350",21796 Perez Points Apt. 957,,Seanport,DC,21350,,(796)015-9606,,leah92@boyd.net,Generated Invoice,Donna Brown PhD,Credit Card,,Language,General,1,11.27,11.27,11.27,Latest,,,,,,PhD,Donna
,Invoice,05/09/2016,82051,Donna Brown PhD,"21796 Perez Points Apt. 957, Seanport, DC 21350",21796 Perez Points Apt. 957,,Seanport,DC,21350,,(796)015-9606,,leah92@boyd.net,Generated Invoice,Donna Brown PhD,Credit Card,,Push,General,5,41.73,208.65,208.65,Latest,,,,,,PhD,Donna
Total Donna Brown PhD,,,,,,,,,,,,,,,,,,,3,,262.31,262.31,,,,,,,,,,
Brenda Salazar,,,,,,,,,,,,,,,,,,,,,,,,,,,,,,,,
,Invoice,09/14/2024,17458,Brenda Salazar,"925 Reynolds Place Suite 450, Michaelport, WI 99542",925 Reynolds Place Suite 450,,Michaelport,WI,99542,,(883)237-7751x284,,logan55@yahoo.com,Generated Invoice,Brenda Salazar,Credit Card,,Way,General,1,26.37,26.37,26.37,Latest,,,,,,Salazar,Brenda
,Invoice,06/17/2019,43948,Brenda Salazar,"925 Reynolds Place Suite 450, Michaelport, WI 99542",925 Reynolds Place Suite 450,,Michaelport,WI,99542,,(883)237-7751x284,,logan55@yahoo.com,Generated Invoice,Brenda Salazar,Credit Card,,East,General,4,8.88,35.52,35.52,Latest,,,,,,Salazar,Brenda
,Invoice,04/08/2023,30373,Brenda Salazar,"925 Reynolds Place Suite 450, Michaelport, WI 99542",925 Reynolds Place Suite 450,,Michaelport,WI,99542,,(883)237-7751x284,,logan55@yahoo.com,Generated Invoice,Brenda Salazar,Credit Card,,Right,General,2,11.36,22.72,22.72,Latest,,,,,,Salazar,Brenda
Total Brenda Salazar,,,,,,,,,,,,,,,,,,,3,,84.61,84.61,,,,,,,,,,
Dr. James Joseph,,,,,,,,,,,,,,,,,,,,,,,,,,,,,,,,
,Invoice,08/25/2020,82128,Dr. James Joseph,"60691 Lisa Curve Apt. 244, Lake Samanthaton, ME 92995",60691 Lisa Curve Apt. 244,,Lake Samanthaton,ME,92995,,364.932.7509x638,,qvaughan@freeman-martin.com,Generated Invoice,Dr. James Joseph,Credit Card,,Break,General,2,8.08,16.16,16.16,Latest,,,,,,Joseph,Dr.
,Invoice,03/31/2017,16183,Dr. James Joseph,"60691 Lisa Curve Apt. 244, Lake Samanthaton, ME 92995",60691 Lisa Curve Apt. 244,,Lake Samanthaton,ME,92995,,364.932.7509x638,,qvaughan@freeman-martin.com,Generated Invoice,Dr. James Joseph,Credit Card,,Democrat,General,2,10.88,21.76,21.76,Latest,,,,,,Joseph,Dr.
,Invoice,07/30/2015,64984,Dr. James Joseph,"60691 Lisa Curve Apt. 244, Lake Samanthaton, ME 92995",60691 Lisa Curve Apt. 244,,Lake Samanthaton,ME,92995,,364.932.7509x638,,qvaughan@freeman-martin.com,Generated Invoice,Dr. James Joseph,Credit Card,,Edge,General,5,39.14,195.7,195.7,Latest,,,,,,Joseph,Dr.
Total Dr. James Joseph,,,,,,,,,,,,,,,,,,,3,,233.62,233.62,,,,,,,,,,
Patrick Carter,,,,,,,,,,,,,,,,,,,,,,,,,,,,,,,,
,Invoice,07/02/2019,69235,Patrick Carter,"6288 Moore Wells, Lake Taylorside, KS 03244",6288 Moore Wells,,Lake Taylorside,KS,03244,,484.868.2470x2695,,opatel@hotmail.com,Generated Invoice,Patrick Carter,Credit Card,,Plant,General,5,23.83,119.15,119.15,Latest,,,,,,Carter,Patrick
,Invoice,09/21/2024,89462,Patrick Carter,"6288 Moore Wells, Lake Taylorside, KS 03244",6288 Moore Wells,,Lake Taylorside,KS,03244,,484.868.2470x2695,,opatel@hotmail.com,Generated Invoice,Patrick Carter,Credit Card,,Risk,General,2,30.89,61.78,61.78,Latest,,,,,,Carter,Patrick
,Invoice,01/17/2023,60789,Patrick Carter,"6288 Moore Wells, Lake Taylorside, KS 03244",6288 Moore Wells,,Lake Taylorside,KS,03244,,484.868.2470x2695,,opatel@hotmail.com,Generated Invoice,Patrick Carter,Credit Card,,Accept,General,1,11.21,11.21,11.21,Latest,,,,,,Carter,Patrick
Total Patrick Carter,,,,,,,,,,,,,,,,,,,3,,192.14000000000001,192.14000000000001,,,,,,,,,,
Jamie Conway,,,,,,,,,,,,,,,,,,,,,,,,,,,,,,,,
,Invoice,09/25/2018,19588,Jamie Conway,"0255 Melissa Shores, West Charles, NC 45858",0255 Melissa Shores,,West Charles,NC,45858,,001-221-017-7412x3515,,tiffanyhenderson@yahoo.com,Generated Invoice,Jamie Conway,Credit Card,,Success,General,2,39.73,79.46,79.46,Latest,,,,,,Conway,Jamie
,Invoice,05/05/2019,31343,Jamie Conway,"0255 Melissa Shores, West Charles, NC 45858",0255 Melissa Shores,,West Charles,NC,45858,,001-221-017-7412x3515,,tiffanyhenderson@yahoo.com,Generated Invoice,Jamie Conway,Credit Card,,Market,General,1,40.37,40.37,40.37,Latest,,,,,,Conway,Jamie
,Invoice,03/10/2020,33003,Jamie Conway,"0255 Melissa Shores, West Charles, NC 45858",0255 Melissa Shores,,West Charles,NC,45858,,001-221-017-7412x3515,,tiffanyhenderson@yahoo.com,Generated Invoice,Jamie Conway,Credit Card,,Avoid,General,2,28.52,57.04,57.04,Latest,,,,,,Conway,Jamie
Total Jamie Conway,,,,,,,,,,,,,,,,,,,3,,176.86999999999998,176.86999999999998,,,,,,,,,,
Kenneth Wyatt,,,,,,,,,,,,,,,,,,,,,,,,,,,,,,,,
,Invoice,04/23/2018,47044,Kenneth Wyatt,"887 Blake Villages Suite 285, North David, FL 50848",887 Blake Villages Suite 285,,North David,FL,50848,,1703026074,,quinnnorma@hall-thomas.info,Generated Invoice,Kenneth Wyatt,Credit Card,,Meet,General,2,17.16,34.32,34.32,Latest,,,,,,Wyatt,Kenneth
,Invoice,12/24/2024,92721,Kenneth Wyatt,"887 Blake Villages Suite 285, North David, FL 50848",887 Blake Villages Suite 285,,North David,FL,50848,,1703026074,,quinnnorma@hall-thomas.info,Generated Invoice,Kenneth Wyatt,Credit Card,,Career,General,2,29.51,59.02,59.02,Latest,,,,,,Wyatt,Kenneth
,Invoice,01/04/2022,20724,Kenneth Wyatt,"887 Blake Villages Suite 285, North David, FL 50848",887 Blake Villages Suite 285,,North David,FL,50848,,1703026074,,quinnnorma@hall-thomas.info,Generated Invoice,Kenneth Wyatt,Credit Card,,Note,General,1,31.84,31.84,31.84,Latest,,,,,,Wyatt,Kenneth
Total Kenneth Wyatt,,,,,,,,,,,,,,,,,,,3,,125.18,125.18,,,,,,,,,,
James Rodriguez,,,,,,,,,,,,,,,,,,,,,,,,,,,,,,,,
,Invoice,09/14/2019,80585,James Rodriguez,"2901 Barbara Ports, Port Jasonfort, LA 62984",2901 Barbara Ports,,Port Jasonfort,LA,62984,,001-988-711-0364x6549,,donna55@yahoo.com,Generated Invoice,James Rodriguez,Credit Card,,Sort,General,5,49.23,246.15,246.15,Latest,,,,,,Rodriguez,James
,Invoice,07/17/2016,24009,James Rodriguez,"2901 Barbara Ports, Port Jasonfort, LA 62984",2901 Barbara Ports,,Port Jasonfort,LA,62984,,001-988-711-0364x6549,,donna55@yahoo.com,Generated Invoice,James Rodriguez,Credit Card,,Maintain,General,3,16.36,49.08,49.08,Latest,,,,,,Rodriguez,James
,Invoice,02/06/2020,99512,James Rodriguez,"2901 Barbara Ports, Port Jasonfort, LA 62984",2901 Barbara Ports,,Port Jasonfort,LA,62984,,001-988-711-0364x6549,,donna55@yahoo.com,Generated Invoice,James Rodriguez,Credit Card,,Floor,General,5,26.13,130.65,130.65,Latest,,,,,,Rodriguez,James
Total James Rodriguez,,,,,,,,,,,,,,,,,,,3,,425.88,425.88,,,,,,,,,,
Brian Perez,,,,,,,,,,,,,,,,,,,,,,,,,,,,,,,,
,Invoice,12/01/2019,31666,Brian Perez,"874 Gregory Stravenue, North Samantha, MA 03254",874 Gregory Stravenue,,North Samantha,MA,03254,,+1-869-835-5372x872,,georgeaaron@gmail.com,Generated Invoice,Brian Perez,Credit Card,,Small,General,1,35.18,35.18,35.18,Latest,,,,,,Perez,Brian
,Invoice,01/20/2016,82225,Brian Perez,"874 Gregory Stravenue, North Samantha, MA 03254",874 Gregory Stravenue,,North Samantha,MA,03254,,+1-869-835-5372x872,,georgeaaron@gmail.com,Generated Invoice,Brian Perez,Credit Card,,Address,General,1,43.4,43.4,43.4,Latest,,,,,,Perez,Brian
,Invoice,05/14/2017,10266,Brian Perez,"874 Gregory Stravenue, North Samantha, MA 03254",874 Gregory Stravenue,,North Samantha,MA,03254,,+1-869-835-5372x872,,georgeaaron@gmail.com,Generated Invoice,Brian Perez,Credit Card,,Nearly,General,4,41.41,165.64,165.64,Latest,,,,,,Perez,Brian
Total Brian Perez,,,,,,,,,,,,,,,,,,,3,,244.21999999999997,244.21999999999997,,,,,,,,,,
Elizabeth Brown,,,,,,,,,,,,,,,,,,,,,,,,,,,,,,,,
,Invoice,09/19/2024,60934,Elizabeth Brown,"40627 Robert Locks Suite 377, Wilsonton, ID 49893",40627 Robert Locks Suite 377,,Wilsonton,ID,49893,,538-743-4561,,bauerbrandon@cox.net,Generated Invoice,Elizabeth Brown,Credit Card,,Soldier,General,5,5.46,27.3,27.3,Latest,,,,,,Brown,Elizabeth
,Invoice,12/09/2020,79046,Elizabeth Brown,"40627 Robert Locks Suite 377, Wilsonton, ID 49893",40627 Robert Locks Suite 377,,Wilsonton,ID,49893,,538-743-4561,,bauerbrandon@cox.net,Generated Invoice,Elizabeth Brown,Credit Card,,Include,General,2,13.18,26.36,26.36,Latest,,,,,,Brown,Elizabeth
,Invoice,07/14/2021,38323,Elizabeth Brown,"40627 Robert Locks Suite 377, Wilsonton, ID 49893",40627 Robert Locks Suite 377,,Wilsonton,ID,49893,,538-743-4561,,bauerbrandon@cox.net,Generated Invoice,Elizabeth Brown,Credit Card,,Only,General,3,48.81,146.43,146.43,Latest,,,,,,Brown,Elizabeth
Total Elizabeth Brown,,,,,,,,,,,,,,,,,,,3,,200.09,200.09,,,,,,,,,,
Jeffery Smith,,,,,,,,,,,,,,,,,,,,,,,,,,,,,,,,
,Invoice,10/23/2018,18589,Jeffery Smith,"44946 Blackwell Cove, Lake Megan, MT 04890",44946 Blackwell Cove,,Lake Megan,MT,04890,,498-793-8147,,omartin@dixon-silva.biz,Generated Invoice,Jeffery Smith,Credit Card,,Source,General,3,8.72,26.16,26.16,Latest,,,,,,Smith,Jeffery
,Invoice,04/27/2021,40294,Jeffery Smith,"44946 Blackwell Cove, Lake Megan, MT 04890",44946 Blackwell Cove,,Lake Megan,MT,04890,,498-793-8147,,omartin@dixon-silva.biz,Generated Invoice,Jeffery Smith,Credit Card,,Record,General,1,49.11,49.11,49.11,Latest,,,,,,Smith,Jeffery
,Invoice,01/26/2022,57513,Jeffery Smith,"44946 Blackwell Cove, Lake Megan, MT 04890",44946 Blackwell Cove,,Lake Megan,MT,04890,,498-793-8147,,omartin@dixon-silva.biz,Generated Invoice,Jeffery Smith,Credit Card,,Kitchen,General,4,43.81,175.24,175.24,Latest,,,,,,Smith,Jeffery
Total Jeffery Smith,,,,,,,,,,,,,,,,,,,3,,250.51,250.51,,,,,,,,,,
Makayla Hunter,,,,,,,,,,,,,,,,,,,,,,,,,,,,,,,,
,Invoice,12/15/2019,74055,Makayla Hunter,"6895 Lonnie Fork, Velazquezport, WV 92605",6895 Lonnie Fork,,Velazquezport,WV,92605,,+1-882-294-0979x3635,,robbinstimothy@gmail.com,Generated Invoice,Makayla Hunter,Credit Card,,Family,General,1,8.7,8.7,8.7,Latest,,,,,,Hunter,Makayla
,Invoice,08/27/2021,67757,Makayla Hunter,"6895 Lonnie Fork, Velazquezport, WV 92605",6895 Lonnie Fork,,Velazquezport,WV,92605,,+1-882-294-0979x3635,,robbinstimothy@gmail.com,Generated Invoice,Makayla Hunter,Credit Card,,Friend,General,5,24.3,121.5,121.5,Latest,,,,,,Hunter,Makayla
,Invoice,12/27/2022,30118,Makayla Hunter,"6895 Lonnie Fork, Velazquezport, WV 92605",6895 Lonnie Fork,,Velazquezport,WV,92605,,+1-882-294-0979x3635,,robbinstimothy@gmail.com,Generated Invoice,Makayla Hunter,Credit Card,,Others,General,4,46.5,186.0,186.0,Latest,,,,,,Hunter,Makayla
Total Makayla Hunter,,,,,,,,,,,,,,,,,,,3,,316.2,316.2,,,,,,,,,,
Kathleen Pugh,,,,,,,,,,,,,,,,,,,,,,,,,,,,,,,,
,Invoice,10/14/2019,36221,Kathleen Pugh,"571 Perez Union Apt. 274, Jefferyshire, CT 89720",571 Perez Union Apt. 274,,Jefferyshire,CT,89720,,816.615.9537,,andersonlaura@gmail.com,Generated Invoice,Kathleen Pugh,Credit Card,,Data,General,5,44.19,220.95,220.95,Latest,,,,,,Pugh,Kathleen
,Invoice,08/14/2024,30497,Kathleen Pugh,"571 Perez Union Apt. 274, Jefferyshire, CT 89720",571 Perez Union Apt. 274,,Jefferyshire,CT,89720,,816.615.9537,,andersonlaura@gmail.com,Generated Invoice,Kathleen Pugh,Credit Card,,Operation,General,5,8.35,41.75,41.75,Latest,,,,,,Pugh,Kathleen
,Invoice,07/22/2016,84582,Kathleen Pugh,"571 Perez Union Apt. 274, Jefferyshire, CT 89720",571 Perez Union Apt. 274,,Jefferyshire,CT,89720,,816.615.9537,,andersonlaura@gmail.com,Generated Invoice,Kathleen Pugh,Credit Card,,Organization,General,1,16.83,16.83,16.83,Latest,,,,,,Pugh,Kathleen
Total Kathleen Pugh,,,,,,,,,,,,,,,,,,,3,,279.53,279.53,,,,,,,,,,
Matthew Gill,,,,,,,,,,,,,,,,,,,,,,,,,,,,,,,,
,Invoice,09/17/2024,85482,Matthew Gill,"382 Aaron Stream Suite 769, East Carlaville, WY 40126",382 Aaron Stream Suite 769,,East Carlaville,WY,40126,,244-137-7367,,waltermoore@christensen.com,Generated Invoice,Matthew Gill,Credit Card,,Less,General,1,17.52,17.52,17.52,Latest,,,,,,Gill,Matthew
,Invoice,08/03/2015,70430,Matthew Gill,"382 Aaron Stream Suite 769, East Carlaville, WY 40126",382 Aaron Stream Suite 769,,East Carlaville,WY,40126,,244-137-7367,,waltermoore@christensen.com,Generated Invoice,Matthew Gill,Credit Card,,Field,General,2,37.09,74.18,74.18,Latest,,,,,,Gill,Matthew
,Invoice,01/21/2023,75817,Matthew Gill,"382 Aaron Stream Suite 769, East Carlaville, WY 40126",382 Aaron Stream Suite 769,,East Carlaville,WY,40126,,244-137-7367,,waltermoore@christensen.com,Generated Invoice,Matthew Gill,Credit Card,,Whose,General,2,21.98,43.96,43.96,Latest,,,,,,Gill,Matthew
Total Matthew Gill,,,,,,,,,,,,,,,,,,,3,,135.66,135.66,,,,,,,,,,
Deborah Jones,,,,,,,,,,,,,,,,,,,,,,,,,,,,,,,,
,Invoice,12/18/2015,64094,Deborah Jones,"8610 Amber Street, Alexandertown, NV 59423",8610 Amber Street,,Alexandertown,NV,59423,,001-605-499-9565x518,,sharonfranklin@hotmail.com,Generated Invoice,Deborah Jones,Credit Card,,Source,General,1,35.98,35.98,35.98,Latest,,,,,,Jones,Deborah
,Invoice,08/21/2022,20156,Deborah Jones,"8610 Amber Street, Alexandertown, NV 59423",8610 Amber Street,,Alexandertown,NV,59423,,001-605-499-9565x518,,sharonfranklin@hotmail.com,Generated Invoice,Deborah Jones,Credit Card,,Art,General,4,13.32,53.28,53.28,Latest,,,,,,Jones,Deborah
,Invoice,11/19/2017,90412,Deborah Jones,"8610 Amber Street, Alexandertown, NV 59423",8610 Amber Street,,Alexandertown,NV,59423,,001-605-499-9565x518,,sharonfranklin@hotmail.com,Generated Invoice,Deborah Jones,Credit Card,,Matter,General,4,25.58,102.32,102.32,Latest,,,,,,Jones,Deborah
Total Deborah Jones,,,,,,,,,,,,,,,,,,,3,,191.57999999999998,191.57999999999998,,,,,,,,,,
Cassandra Zimmerman,,,,,,,,,,,,,,,,,,,,,,,,,,,,,,,,
,Invoice,04/05/2024,56172,Cassandra Zimmerman,"472 Laura Points Suite 620, Johnsonfurt, PA 58415",472 Laura Points Suite 620,,Johnsonfurt,PA,58415,,810.598.9889,,georgewendy@yahoo.com,Generated Invoice,Cassandra Zimmerman,Credit Card,,Owner,General,4,34.76,139.04,139.04,Latest,,,,,,Zimmerman,Cassandra
,Invoice,08/22/2024,64822,Cassandra Zimmerman,"472 Laura Points Suite 620, Johnsonfurt, PA 58415",472 Laura Points Suite 620,,Johnsonfurt,PA,58415,,810.598.9889,,georgewendy@yahoo.com,Generated Invoice,Cassandra Zimmerman,Credit Card,,We,General,1,45.82,45.82,45.82,Latest,,,,,,Zimmerman,Cassandra
,Invoice,03/07/2023,89252,Cassandra Zimmerman,"472 Laura Points Suite 620, Johnsonfurt, PA 58415",472 Laura Points Suite 620,,Johnsonfurt,PA,58415,,810.598.9889,,georgewendy@yahoo.com,Generated Invoice,Cassandra Zimmerman,Credit Card,,Picture,General,5,45.01,225.05,225.05,Latest,,,,,,Zimmerman,Cassandra
Total Cassandra Zimmerman,,,,,,,,,,,,,,,,,,,3,,409.90999999999997,409.90999999999997,,,,,,,,,,
Cory Meyer,,,,,,,,,,,,,,,,,,,,,,,,,,,,,,,,
,Invoice,04/03/2023,29389,Cory Meyer,"485 Grant Square Suite 087, West Nicole, MO 29482",485 Grant Square Suite 087,,West Nicole,MO,29482,,858-671-8417x798,,brucelopez@hotmail.com,Generated Invoice,Cory Meyer,Credit Card,,New,General,4,44.26,177.04,177.04,Latest,,,,,,Meyer,Cory
,Invoice,10/09/2018,94366,Cory Meyer,"485 Grant Square Suite 087, West Nicole, MO 29482",485 Grant Square Suite 087,,West Nicole,MO,29482,,858-671-8417x798,,brucelopez@hotmail.com,Generated Invoice,Cory Meyer,Credit Card,,Create,General,1,49.22,49.22,49.22,Latest,,,,,,Meyer,Cory
,Invoice,07/09/2019,71856,Cory Meyer,"485 Grant Square Suite 087, West Nicole, MO 29482",485 Grant Square Suite 087,,West Nicole,MO,29482,,858-671-8417x798,,brucelopez@hotmail.com,Generated Invoice,Cory Meyer,Credit Card,,Key,General,5,6.66,33.3,33.3,Latest,,,,,,Meyer,Cory
Total Cory Meyer,,,,,,,,,,,,,,,,,,,3,,259.56,259.56,,,,,,,,,,
Jennifer Davis,,,,,,,,,,,,,,,,,,,,,,,,,,,,,,,,
,Invoice,04/15/2021,60259,Jennifer Davis,"62738 Alison Port, South Tylerside, WA 48312",62738 Alison Port,,South Tylerside,WA,48312,,(931)131-2810x9640,,patricklivingston@bryant.com,Generated Invoice,Jennifer Davis,Credit Card,,Long,General,5,39.61,198.05,198.05,Latest,,,,,,Davis,Jennifer
,Invoice,11/06/2021,73332,Jennifer Davis,"62738 Alison Port, South Tylerside, WA 48312",62738 Alison Port,,South Tylerside,WA,48312,,(931)131-2810x9640,,patricklivingston@bryant.com,Generated Invoice,Jennifer Davis,Credit Card,,Wonder,General,5,24.08,120.4,120.4,Latest,,,,,,Davis,Jennifer
,Invoice,06/04/2023,66424,Jennifer Davis,"62738 Alison Port, South Tylerside, WA 48312",62738 Alison Port,,South Tylerside,WA,48312,,(931)131-2810x9640,,patricklivingston@bryant.com,Generated Invoice,Jennifer Davis,Credit Card,,Whether,General,1,8.34,8.34,8.34,Latest,,,,,,Davis,Jennifer
Total Jennifer Davis,,,,,,,,,,,,,,,,,,,3,,326.79,326.79,,,,,,,,,,
Alison Tucker,,,,,,,,,,,,,,,,,,,,,,,,,,,,,,,,
,Invoice,11/05/2018,52698,Alison Tucker,"02944 Andrew Crossroad, Lewiston, MT 68247",02944 Andrew Crossroad,,Lewiston,MT,68247,,868.014.1901x80900,,mabbott@brady-johnson.info,Generated Invoice,Alison Tucker,Credit Card,,My,General,5,42.73,213.65,213.65,Latest,,,,,,Tucker,Alison
,Invoice,01/07/2023,62963,Alison Tucker,"02944 Andrew Crossroad, Lewiston, MT 68247",02944 Andrew Crossroad,,Lewiston,MT,68247,,868.014.1901x80900,,mabbott@brady-johnson.info,Generated Invoice,Alison Tucker,Credit Card,,Establish,General,2,13.87,27.74,27.74,Latest,,,,,,Tucker,Alison
,Invoice,12/22/2024,50899,Alison Tucker,"02944 Andrew Crossroad, Lewiston, MT 68247",02944 Andrew Crossroad,,Lewiston,MT,68247,,868.014.1901x80900,,mabbott@brady-johnson.info,Generated Invoice,Alison Tucker,Credit Card,,Second,General,2,43.85,87.7,87.7,Latest,,,,,,Tucker,Alison
Total Alison Tucker,,,,,,,,,,,,,,,,,,,3,,329.09000000000003,329.09000000000003,,,,,,,,,,
Matthew Cline,,,,,,,,,,,,,,,,,,,,,,,,,,,,,,,,
,Invoice,02/02/2024,52035,Matthew Cline,"939 Morgan Summit, East Jennifer, NM 05713",939 Morgan Summit,,East Jennifer,NM,05713,,001-797-286-2782x215,,dunntheresa@gmail.com,Generated Invoice,Matthew Cline,Credit Card,,Street,General,4,9.23,36.92,36.92,Latest,,,,,,Cline,Matthew
,Invoice,05/28/2022,82822,Matthew Cline,"939 Morgan Summit, East Jennifer, NM 05713",939 Morgan Summit,,East Jennifer,NM,05713,,001-797-286-2782x215,,dunntheresa@gmail.com,Generated Invoice,Matthew Cline,Credit Card,,Wall,General,5,23.2,116.0,116.0,Latest,,,,,,Cline,Matthew
,Invoice,10/02/2019,27474,Matthew Cline,"939 Morgan Summit, East Jennifer, NM 05713",939 Morgan Summit,,East Jennifer,NM,05713,,001-797-286-2782x215,,dunntheresa@gmail.com,Generated Invoice,Matthew Cline,Credit Card,,Let,General,3,13.72,41.16,41.16,Latest,,,,,,Cline,Matthew
Total Matthew Cline,,,,,,,,,,,,,,,,,,,3,,194.08,194.08,,,,,,,,,,
Charles Hernandez,,,,,,,,,,,,,,,,,,,,,,,,,,,,,,,,
,Invoice,02/17/2016,12635,Charles Hernandez,"63033 Brown Estates Apt. 208, Port Laura, OK 75547",63033 Brown Estates Apt. 208,,Port Laura,OK,75547,,726-436-5659x2604,,richard89@gmail.com,Generated Invoice,Charles Hernandez,Credit Card,,Hard,General,3,27.78,83.34,83.34,Latest,,,,,,Hernandez,Charles
,Invoice,02/15/2020,52540,Charles Hernandez,"63033 Brown Estates Apt. 208, Port Laura, OK 75547",63033 Brown Estates Apt. 208,,Port Laura,OK,75547,,726-436-5659x2604,,richard89@gmail.com,Generated Invoice,Charles Hernandez,Credit Card,,Project,General,2,12.57,25.14,25.14,Latest,,,,,,Hernandez,Charles
,Invoice,04/12/2023,99573,Charles Hernandez,"63033 Brown Estates Apt. 208, Port Laura, OK 75547",63033 Brown Estates Apt. 208,,Port Laura,OK,75547,,726-436-5659x2604,,richard89@gmail.com,Generated Invoice,Charles Hernandez,Credit Card,,Thank,General,4,10.94,43.76,43.76,Latest,,,,,,Hernandez,Charles
Total Charles Hernandez,,,,,,,,,,,,,,,,,,,3,,152.24,152.24,,,,,,,,,,
Michael King,,,,,,,,,,,,,,,,,,,,,,,,,,,,,,,,
,Invoice,07/23/2024,61859,Michael King,"28874 Tara Plaza, Wilsontown, PA 11545",28874 Tara Plaza,,Wilsontown,PA,11545,,2962936153,,lsweeney@gmail.com,Generated Invoice,Michael King,Credit Card,,Else,General,5,44.4,222.0,222.0,Latest,,,,,,King,Michael
,Invoice,12/28/2019,33703,Michael King,"28874 Tara Plaza, Wilsontown, PA 11545",28874 Tara Plaza,,Wilsontown,PA,11545,,2962936153,,lsweeney@gmail.com,Generated Invoice,Michael King,Credit Card,,Issue,General,4,28.9,115.6,115.6,Latest,,,,,,King,Michael
,Invoice,03/15/2018,27649,Michael King,"28874 Tara Plaza, Wilsontown, PA 11545",28874 Tara Plaza,,Wilsontown,PA,11545,,2962936153,,lsweeney@gmail.com,Generated Invoice,Michael King,Credit Card,,Big,General,4,31.08,124.32,124.32,Latest,,,,,,King,Michael
Total Michael King,,,,,,,,,,,,,,,,,,,3,,461.92,461.92,,,,,,,,,,
Christopher Fischer,,,,,,,,,,,,,,,,,,,,,,,,,,,,,,,,
,Invoice,05/31/2018,88237,Christopher Fischer,"9113 Caitlin Fort Suite 698, Richardshire, CT 85926",9113 Caitlin Fort Suite 698,,Richardshire,CT,85926,,(289)869-6815x69020,,michelle56@gmail.com,Generated Invoice,Christopher Fischer,Credit Card,,Friend,General,3,39.79,119.37,119.37,Latest,,,,,,Fischer,Christopher
,Invoice,05/30/2024,82618,Christopher Fischer,"9113 Caitlin Fort Suite 698, Richardshire, CT 85926",9113 Caitlin Fort Suite 698,,Richardshire,CT,85926,,(289)869-6815x69020,,michelle56@gmail.com,Generated Invoice,Christopher Fischer,Credit Card,,Particularly,General,2,38.94,77.88,77.88,Latest,,,,,,Fischer,Christopher
,Invoice,05/16/2024,15598,Christopher Fischer,"9113 Caitlin Fort Suite 698, Richardshire, CT 85926",9113 Caitlin Fort Suite 698,,Richardshire,CT,85926,,(289)869-6815x69020,,michelle56@gmail.com,Generated Invoice,Christopher Fischer,Credit Card,,Contain,General,3,34.16,102.48,102.48,Latest,,,,,,Fischer,Christopher
Total Christopher Fischer,,,,,,,,,,,,,,,,,,,3,,299.73,299.73,,,,,,,,,,
TOTAL,,,,,,,,,,,,,,,,,,,150,,,,,,,,,,,,,
